rebalance_date,DBC,EEM,GLD,HYG,IEF,IEFA,IWM,LQD,QQQ,SPY,TLT,VNQ
2017-01-04,0.05259162216956108,0.1,0.1,0.0877196990352425,0.047843173137433956,0.1,0.05130353101490441,0.1,0.1,0.1,0.060541974642858085,0.1
2017-02-03,0.053833750830570834,0.1,0.1,0.08781469107253097,0.040631451161514384,0.1,0.045858449011122834,0.1,0.1,0.1,0.07186165792426112,0.1
2017-03-07,0.05244511109245186,0.1,0.1,0.1,0.008770120293767052,0.1,0.06712801032396269,0.1,0.1,0.1,0.07165675828981842,0.1
2017-04-05,0.05227253901373103,0.1,0.1,0.1,0.007881449586718332,0.1,0.06771672109158844,0.1,0.1,0.1,0.07294540831872431,0.099183881989238
2017-05-05,0.05215462378713574,0.1,0.1,0.1,0.007100374224160974,0.1,0.061439786884593214,0.1,0.1,0.1,0.07930521510411008,0.1
2017-06-06,0.05075285728621902,0.1,0.1,0.1,0.006865942029544814,0.1,0.06361382577622109,0.1,0.1,0.1,0.07876737490801504,0.1
2017-07-06,0.04325330600729746,0.1,0.1,0.1,0.0,0.1,0.07766850142272083,0.1,0.1,0.1,0.07907819256998175,0.1
2017-08-04,0.04115044369118201,0.1,0.1,0.1,0.0,0.1,0.08084190012083034,0.1,0.1,0.1,0.07800765618798763,0.1
2017-09-05,0.060680484803795565,0.1,0.1,0.1,0.0,0.1,0.1,0.1,0.1,0.04066019415702715,0.09865932103917724,0.1
2017-10-04,0.05687909038435596,0.07753883808706535,0.1,0.1,0.03252450647381799,0.1,0.1,0.1,0.1,0.03305756505476071,0.1,0.1
2017-11-02,0.06186435450995043,0.07182686411160977,0.1,0.1,0.03408027182417684,0.1,0.1,0.1,0.1,0.03222850955426299,0.1,0.1
2017-12-04,0.06392737508437527,0.06972501434320913,0.1,0.1,0.03289691055081521,0.1,0.1,0.1,0.1,0.03345070002160048,0.1,0.1
2018-01-04,0.06236122483753574,0.07125728744393216,0.1,0.1,0.033346126912291316,0.1,0.1,0.1,0.1,0.03303536080624091,0.1,0.1
2018-02-05,0.1,0.06832757953525215,0.1,0.1,0.02927912342581735,0.1,0.1,0.1,0.07251759637578298,0.02987570066314755,0.1,0.1
2018-03-07,0.1,0.07294434654616383,0.1,0.1,0.026779577106240404,0.1,0.1,0.1,0.0669286646916401,0.03360340252048388,0.09974400913547171,0.1
2018-04-06,0.1,0.1,0.1,0.1,0.019888578949271214,0.1,0.1,0.1,0.04230146037380134,0.03966995240428118,0.1,0.09814000827264635
2018-05-07,0.1,0.1,0.1,0.1,0.0577967683803976,0.1,0.1,0.1,0.0012095113662437523,0.04099372025335868,0.1,0.1
2018-06-06,0.0878964305023549,0.1,0.1,0.1,0.060210898684722514,0.1,0.1,0.1,0.0015517555008464634,0.050340915312076184,0.1,0.1
2018-07-06,0.08653041374668397,0.1,0.1,0.1,0.06175854891286675,0.1,0.1,0.1,0.0,0.05472172007028414,0.1,0.09698931727016502
2018-08-06,0.0694774161295631,0.09099030861028001,0.1,0.1,0.07812303915063656,0.1,0.1,0.1,0.0,0.06140923610952037,0.1,0.1
2018-09-05,0.1,0.024081825013665688,0.1,0.1,0.1,0.1,0.07591817498633435,0.1,0.0,0.1,0.1,0.1
2018-10-04,0.1,0.020844428537636628,0.0,0.1,0.09454225164897878,0.1,0.08461331981338471,0.1,0.1,0.1,0.1,0.1
2018-11-02,0.1,0.024333320801663005,0.0,0.1,0.0947483433965487,0.1,0.08091833580178837,0.1,0.1,0.1,0.1,0.1
2018-12-04,0.1,0.03881900985957082,0.0,0.1,0.1,0.1,0.080929330582789,0.1,0.1,0.08025165955764019,0.1,0.1
2019-01-07,0.1,0.048782989199944615,0.0,0.1,0.06729614678663487,0.1,0.08392086401342058,0.1,0.1,0.1,0.1,0.1
2019-02-06,0.09202533117353172,0.05338172998938033,0.0,0.1,0.05459293883708803,0.1,0.1,0.1,0.1,0.1,0.1,0.1
2019-03-08,0.1,0.04561646692806158,0.0,0.1,0.1,0.09518875450524998,0.059194778566688575,0.1,0.1,0.1,0.1,0.1
2019-04-08,0.09453351911594188,0.032228020063920615,0.0,0.1,0.1,0.1,0.07323846082013757,0.1,0.1,0.1,0.1,0.1
2019-05-08,0.1,0.04107701823303375,0.0,0.08495231585255017,0.1,0.1,0.07397066591441617,0.1,0.1,0.1,0.1,0.1
2019-06-07,0.1,0.0413340622731902,0.0,0.08553232431184227,0.1,0.1,0.0731336134149676,0.1,0.1,0.1,0.1,0.1
2019-07-09,0.1,0.04138711384206194,0.0,0.08036664009353754,0.1,0.1,0.07824624606440066,0.1,0.1,0.1,0.1,0.1
2019-08-07,0.1,0.02499938827363456,0.1,0.0667072270559566,0.1,0.1,0.00829338467040901,0.1,0.1,0.1,0.1,0.1
2019-09-06,0.1,0.03329265430385189,0.1,0.0667073456961482,0.1,0.1,0.0,0.1,0.1,0.1,0.1,0.1
2019-10-07,0.02868381927298802,0.1,0.08592062201714523,0.08539555870986681,0.1,0.1,0.0,0.1,0.1,0.1,0.1,0.1
2019-11-05,0.026569866742243237,0.1,0.0850624424093582,0.08836769084839866,0.1,0.1,0.0,0.1,0.1,0.1,0.1,0.1
2019-12-05,0.0,0.1,0.0995572893071154,0.09263528886717899,0.1,0.1,0.007807421825705721,0.1,0.1,0.1,0.1,0.1
2020-01-07,0.0,0.1,0.09946609105975915,0.09247668082292967,0.1,0.1,0.008057228117311327,0.1,0.1,0.1,0.1,0.1
2020-02-06,0.002027146207521653,0.1,0.1,0.09267082772342916,0.1,0.1,0.005302026069049344,0.1,0.1,0.1,0.1,0.1
2020-03-09,0.0,0.1,0.09678072298718177,0.1,0.1,0.1,0.0032192770128183223,0.1,0.1,0.1,0.1,0.1
2020-04-07,0.0,0.0943251699787038,0.1,0.1,0.1,0.1,0.00567483002129629,0.1,0.1,0.1,0.1,0.1
2020-05-07,0.0,0.1,0.09700483219748565,0.1,0.1,0.1,0.0029951678025144923,0.1,0.1,0.1,0.1,0.1
2020-06-08,0.0005527128517278448,0.056081009615718415,0.1,0.1,0.1,0.1,0.04336627753255388,0.1,0.1,0.1,0.1,0.1
2020-07-08,0.0006045417853880915,0.056162772725274576,0.1,0.1,0.1,0.1,0.04323268548933744,0.1,0.1,0.1,0.1,0.1
2020-08-06,0.0,0.05423526970188852,0.1,0.1,0.1,0.1,0.04576473029811157,0.1,0.1,0.1,0.1,0.1
2020-09-04,0.0,0.051512779025657235,0.1,0.1,0.1,0.1,0.05299553981993957,0.1,0.1,0.1,0.09549168115440324,0.1
2020-10-06,0.0,0.03802422566888844,0.1,0.06461036364426329,0.1,0.1,0.1,0.1,0.1,0.1,0.1,0.09736541068684842
2020-11-04,0.0016064485836743692,0.03398403730954319,0.1,0.06440951410678253,0.1,0.1,0.1,0.1,0.1,0.1,0.1,0.1
2020-12-04,0.049944758024765105,0.035345613851795125,0.1,0.06332792436505519,0.1,0.1,0.1,0.06833630655836964,0.1,0.1,0.08304539720001503,0.1
2021-01-06,0.05933785665657269,0.043345037756660695,0.1,0.053635485203796615,0.1,0.1,0.1,0.043681620382970174,0.1,0.1,0.1,0.1
2021-02-05,0.1,0.1,0.1,0.055271802209159976,0.1,0.1,0.06335758528815158,0.0,0.1,0.1,0.1,0.08137061250268854
2021-03-09,0.1,0.1,0.1,0.054339380137705756,0.1,0.1,0.06365362875307154,0.0,0.1,0.1,0.1,0.08200699110922285
2021-04-08,0.1,0.1,0.07360076043256666,0.0961478774299169,0.1,0.1,0.1,0.0,0.1,0.1,0.03025136213751642,0.1
2021-05-07,0.09178638300207242,0.1,0.08206903271521082,0.1,0.1,0.1,0.1,0.0026412738627185697,0.1,0.1,0.02350331041999832,0.1
2021-06-08,0.1,0.1,0.04277656334351965,0.1,0.1,0.1,0.1,0.057223436656480386,0.1,0.1,0.0,0.1
2021-07-08,0.1,0.1,0.04277648144211575,0.1,0.1,0.1,0.1,0.05722351855788431,0.1,0.1,0.0,0.1
2021-08-06,0.1,0.1,0.03943504164621231,0.1,0.1,0.1,0.1,0.07848162631119776,0.08208333204258988,0.1,0.0,0.1
2021-09-07,0.1,0.1,0.08086845851750257,0.1,0.1,0.1,0.1,0.02051820948618638,0.09861333199631106,0.1,0.0,0.1
2021-10-06,0.1,0.1,0.08511406702389465,0.1,0.1,0.1,0.09426534513148169,0.03660650848892597,0.08401407935569769,0.1,0.0,0.1
2021-11-04,0.1,0.1,0.07932455820663947,0.1,0.1,0.1,0.1,0.03372111658697846,0.08695432520638202,0.1,0.0,0.1
2021-12-06,0.1,0.1,0.1,0.1,0.1,0.1,0.1,0.038531754859299494,0.09186434626516071,0.1,0.0,0.06960389887553986
2022-01-05,0.1,0.1,0.1,0.1,0.1,0.1,0.09682452107837727,0.03305341550259852,0.1,0.1,0.0,0.07012206341902436
2022-02-04,0.1,0.1,0.1,0.1,0.1,0.1,0.1,0.029908979208804087,0.08155210869619328,0.1,0.0,0.08853891209500264
2022-03-08,0.1,0.1,0.1,0.1,0.1,0.07851598007353017,0.1,0.03080348846517649,0.1,0.1,0.03298732494678485,0.05769320651450854
2022-04-06,0.1,0.1,0.1,0.1,0.1,0.1,0.1,0.03105913777984559,0.1,0.1,0.024151634972671865,0.04478922724748269
2022-05-06,0.1,0.1,0.1,0.1,0.1,0.1,0.1,0.07116724493445713,0.1,0.1,0.02418204425414554,0.004650710811397497
2022-06-07,0.1,0.1,0.1,0.1,0.1,0.1,0.03324767168885123,0.1,0.06717493645251882,0.1,0.08511836805570411,0.014459023802925963
2022-07-08,0.1,0.1,0.1,0.07106519518405813,0.1,0.1,0.031997796257900106,0.1,0.05889929650208053,0.1,0.1,0.03803771205596134
2022-08-08,0.1,0.1,0.1,0.0724562191242763,0.1,0.1,0.03353939204298556,0.1,0.05922250549784486,0.1,0.1,0.03478188333489346
2022-09-07,0.1,0.1,0.1,0.08385179079098276,0.1,0.1,0.0,0.1,0.09254900567691798,0.1,0.1,0.02359920353209921
2022-10-06,0.1,0.030004223387200976,0.1,0.1,0.1,0.1,0.003894988267010721,0.1,0.08001647778300185,0.1,0.1,0.08608431056278658
2022-11-04,0.1,0.01449492230208237,0.1,0.1,0.1,0.1,0.0,0.1,0.08623823773742494,0.1,0.1,0.09926683996049289
2022-12-06,0.09810315107341092,0.0,0.1,0.1,0.1,0.1,0.08478653419708446,0.1,0.017110314729504555,0.1,0.1,0.1
2023-01-06,0.1,0.022545422198725726,0.08659115505686459,0.1,0.1,0.1,0.1,0.1,0.012261877569565746,0.1,0.1,0.07860154517484401
2023-02-07,0.09323970709025163,0.0067602929097484304,0.1,0.1,0.1,0.1,0.1,0.1,0.0,0.1,0.1,0.1
2023-03-09,0.09801604284878533,0.0,0.1,0.1,0.1,0.1,0.08447736321520953,0.1,0.01750659393600522,0.1,0.1,0.1
2023-04-10,0.08855227699713086,0.0066491335376832605,0.1,0.1,0.1,0.1,0.08718639392412919,0.1,0.017612195541056752,0.1,0.1,0.1
2023-05-09,0.1,0.0018249546746546552,0.1,0.09817504532534532,0.1,0.1,0.1,0.1,0.0,0.1,0.1,0.1
2023-06-08,0.08225096472665372,0.0,0.1,0.1,0.1,0.1,0.1,0.1,0.028194526744308057,0.08955450852903835,0.1,0.1
2023-07-11,0.06981533602930085,0.027031057472767232,0.1,0.1,0.1,0.1,0.1,0.1,0.0031536064979319975,0.1,0.1,0.1
2023-08-09,0.07592935501620776,0.025480442168444112,0.1,0.08786770056018414,0.1,0.1,0.1,0.1,0.010722502255164051,0.1,0.1,0.1
2023-09-08,0.07497694978127184,0.0377513736611515,0.1,0.1,0.1,0.1,0.1,0.1,0.0,0.1,0.08727167655757673,0.1
2023-10-09,0.05887394088677131,0.050017851224491344,0.1,0.1,0.1,0.1,0.1,0.1,0.0,0.1,0.09110820788873733,0.1
2023-11-07,0.0,0.06332151647214068,0.1,0.1,0.08193383586280428,0.1,0.08745682685686107,0.1,0.06728782080819401,0.1,0.1,0.1
2023-12-07,0.0,0.06882577328947324,0.1,0.1,0.1,0.1,0.06382327365468503,0.1,0.07881213604164021,0.08853881701420156,0.1,0.1
2024-01-09,0.0,0.07894489857772435,0.1,0.07695615984099685,0.1,0.1,0.055153780556222,0.1,0.1,0.08894516102505684,0.1,0.1
2024-02-08,0.0,0.08077868385442055,0.1,0.1,0.1,0.1,0.03450106252960805,0.1,0.1,0.1,0.1,0.08472025361597146
2024-03-11,0.0,0.08360133135680986,0.1,0.1,0.1,0.1,0.04045051310286357,0.1,0.1,0.1,0.1,0.07594815554032674
2024-04-10,0.0,0.08008207705435443,0.1,0.1,0.1,0.09286147854205516,0.037495330874909735,0.1,0.1,0.08956111352868078,0.1,0.1
2024-05-09,0.0,0.08278974453197939,0.1,0.1,0.1,0.09593722166792455,0.04165795727405035,0.07961507652604587,0.1,0.1,0.1,0.1
2024-06-10,0.0,0.08171640790489744,0.1,0.1,0.1,0.1,0.040554223358381894,0.07772936873672083,0.1,0.1,0.1,0.1
2024-07-11,0.014091053903623408,0.0698562646641767,0.1,0.1,0.1,0.1,0.016052681432200056,0.1,0.1,0.1,0.1,0.1
2024-08-09,0.015594986727200152,0.0302973927077778,0.1,0.1,0.1,0.1,0.05410762056502215,0.1,0.1,0.1,0.1,0.1
2024-09-10,0.011270638682272523,0.1,0.08011091705120726,0.1,0.1,0.1,0.009102688599887228,0.09951575566663312,0.1,0.1,0.1,0.1
2024-10-09,0.010100964212558114,0.1,0.08564494128690696,0.1,0.1,0.1,0.0042540945005350855,0.1,0.1,0.1,0.1,0.1
2024-11-07,0.006757616785388616,0.1,0.07635664817277722,0.1,0.1,0.1,0.024350007435616,0.1,0.1,0.1,0.09253572760621821,0.1
2024-12-09,0.03491434476519762,0.1,0.09847775330372532,0.1,0.1,0.1,0.01521019967667337,0.09686855889536478,0.1,0.1,0.05452914335903903,0.1
2025-01-10,0.03839757327581367,0.1,0.1,0.09090287124972424,0.1,0.1,0.01785754430608294,0.1,0.1,0.1,0.05284201116837922,0.1
2025-02-11,0.034784909116253954,0.1,0.1,0.1,0.1,0.0951728532659191,0.015921346433876077,0.1,0.1,0.1,0.05412089118395083,0.1
2025-03-13,0.03475505277563417,0.1,0.1,0.1,0.1,0.09418930143773278,0.015949628670850195,0.1,0.1,0.1,0.055106017115782883,0.1
2025-04-11,0.03286668178786029,0.1,0.1,0.1,0.1,0.1,0.0034596146438624735,0.1,0.1,0.1,0.06807120272105395,0.09560250084722334
2025-05-13,0.08567975170886494,0.1,0.1,0.1,0.1,0.1,0.0,0.1,0.1,0.1,0.05786060335749438,0.056459644933640696
2025-06-12,0.08122029976200104,0.1,0.1,0.1,0.1,0.1,0.0,0.1,0.1,0.1,0.06004464240521182,0.05873505783278718
2025-07-15,0.08182958893569961,0.1,0.1,0.1,0.1,0.1,0.041202871464699614,0.1,0.1,0.1,0.026923745704356433,0.05004379389524441
2025-08-13,0.03590965378641703,0.1,0.1,0.1,0.1,0.1,0.1,0.1,0.1,0.1,0.0,0.06409034621358312
2025-09-12,0.033821081189229385,0.1,0.1,0.1,0.1,0.1,0.1,0.1,0.1,0.09878361645375294,0.0,0.0673953023570178
2025-10-13,0.029063578798732545,0.1,0.1,0.1,0.1,0.1,0.1,0.1,0.1,0.1,0.003647893137370392,0.06728852806389722
2025-11-11,0.02170807480746051,0.1,0.1,0.1,0.1,0.1,0.1,0.1,0.1,0.1,0.009256986020220903,0.06903493917231873
2025-12-11,0.1,0.09248926869090698,0.1,0.1,0.1,0.1,0.1,0.0,0.09923592992959765,0.1,0.00827480137949535,0.1
2026-01-13,0.1,0.1,0.09617630009213354,0.09646315656012064,0.1,0.1,0.1,0.0,0.1,0.1,0.007360543347745857,0.1
2026-02-12,0.1,0.1,0.09497698103670293,0.09738887024643539,0.1,0.1,0.1,0.0,0.1,0.1,0.007634148716861744,0.1
